新浪,sina
新浪网,sina
sina,sina
sina.com.cn,sina
新浪首页,sina
淘宝网 - 淘！我喜欢,taobao
【聚划算】无所不能聚,taobao
天猫超市-上天猫，就够了,tmall
欢迎访问中国建设银行网站,ccb
建行官网,ccb
建设银行官方网站,ccb
建行,ccb
中国建设银行,ccb
中国工商银行中国网站,icbc
ICBC首页,icbc
中国工商银行,icbc
中国工商银行官方网站,icbc
工商银行,icbc
工商银行官方网站,icbc
中国移动官方网站,10086
中国移动,10086
中国移动通信,10086
中国移动首页,10086
中移动,10086
中国移动网上商城,10086
网上营业厅_中国移动通信,10086
10086网上营业厅,10086
10086,10086
蓝天下_浙江卫视官方网站,zjstv
浙江卫视,zjstv
浙江卫视官方网站,zjstv
浙江电视台,zjstv
浙江卫视视频,zjstv
中国好声音,zjstv
奔跑吧兄弟,zjstv
奔跑吧兄弟（runningman）,zjstv
腾讯首页,qq
腾讯网,qq
腾讯,qq
中国农业银行,abchina
中国农业银行官网,abchina
中国农业银行官方网站,abchina
农业银行官网,abchina
农业银行官方网站,abchina